gi|375155240|gb|AFA37970.1| 	0.260465116279 	0.046511627907 	0.857209302326 	-0.758139534884
gi|398363569|gb|AFO84079.1| 	0.519540229885 	0.0712643678161 	0.580689655172 	-0.645287356322
gi|149938952|gb|ABR45721.1| 	0.0342960288809 	0.0920577617329 	0.892238267148 	-0.14440433213
gi|215402080|gb|ACJ66628.1| 	0.00811359026369 	0.0973630831643 	0.885395537525 	-0.141987829615
gi|658115684|gb|AID55346.1| 	0.54303599374 	0.0547730829421 	0.682159624413 	-0.888106416275
gi|441482354|gb|AGC39168.1| 	0.244131455399 	0.037558685446 	0.672769953052 	-0.382629107981
gi|149208335|gb|ABR21742.1| 	0.358108108108 	0.0675675675676 	0.698648648649 	-0.584459459459
gi|354696020|gb|AER36088.1| 	0.0750436300175 	0.101221640489 	0.82739965096 	-0.406631762653
gi|149938956|gb|ABR45723.1| 	0.0486618004866 	0.0681265206813 	0.904379562044 	-0.126520681265
gi|548850117|gb|ERN08669.1| 	0.0123076923077 	0.101538461538 	0.896307692308 	0.0273846153846
gi|586769204|ref|XP_006856162.1| 	0.0 	0.104265402844 	0.749289099526 	-0.270142180095
gi|586661896|ref|XP_006830554.1| 	0.00568181818182 	0.125 	0.935795454545 	0.0193181818182
gi|421957956|gb|AFX72855.1| 	0.0 	0.174418604651 	0.817441860465 	-0.147674418605
gi|421957980|gb|AFX72867.1| 	0.417085427136 	0.0653266331658 	0.74472361809 	-0.811055276382
gi|421958004|gb|AFX72879.1| 	0.532786885246 	0.0655737704918 	0.719672131148 	-0.861885245902
gi|333952835|gb|AEG25807.1| 	0.300970873786 	0.0631067961165 	0.704368932039 	-0.859223300971
gi|421958006|gb|AFX72880.1| 	0.375 	0.07421875 	0.7015625 	-0.845703125
gi|700256739|gb|AIU49987.1| 	0.00983606557377 	0.0655737704918 	1.08918032787 	0.130163934426
gi|357431452|gb|AET78403.1| 	0.0 	0.15625 	0.5175 	-0.803144654088
gi|184160099|gb|ACC68165.1| 	0.114285714286 	0.11746031746 	0.851428571429 	-0.351428571429
gi|391224323|emb|CCI61496.1| 	0.2125 	0.1 	0.62125 	-0.6578125
gi|166908293|gb|ABZ02284.1| 	0.240384615385 	0.0673076923077 	0.825961538462 	-1.15673076923
gi|383100978|emb|CCD74521.1| 	0.0 	0.0918114143921 	1.03151364764 	0.039205955335
gi|526117183|dbj|BAN63730.1| 	0.0137614678899 	0.0642201834862 	0.790366972477 	-0.560550458716
gi|297825719|ref|XP_002880742.1| 	0.0899182561308 	0.100817438692 	0.805449591281 	-0.270027247956
gi|297340336|gb|EFH70753.1| 	0.13244047619 	0.0639880952381 	0.841071428571 	-0.346130952381
gi|404356639|gb|AFR63312.1| 	0.00980392156863 	0.0882352941176 	0.908823529412 	-0.0598039215686
gi|297310562|gb|EFH40986.1| 	0.861723446894 	0.0160320641283 	0.695791583166 	-0.870140280561
gi|297809259|ref|XP_002872513.1| 	0.0232558139535 	0.104651162791 	0.625581395349 	-0.302325581395
gi|164371854|gb|ABY51800.1| 	0.345276872964 	0.0635179153094 	0.786970684039 	-0.467100977199
gi|297844200|ref|XP_002889981.1| 	0.416403785489 	0.0757097791798 	0.805678233438 	-0.390536277603
gi|404358589|gb|AFR64287.1| 	0.0217391304348 	0.103260869565 	0.836413043478 	-0.223369565217
gi|297821411|ref|XP_002878588.1| 	0.0185185185185 	0.104938271605 	0.939197530864 	0.268827160494
gi|297309550|gb|EFH39974.1| 	0.618768328446 	0.0542521994135 	0.656158357771 	-0.708651026393
gi|48310340|gb|AAT41801.1| 	0.506756756757 	0.0743243243243 	0.717567567568 	-0.506756756757
gi|17980954|gb|AAL50782.1|AF452172_1 	0.0788381742739 	0.0954356846473 	0.748132780083 	-0.45643153527
gi|21593347|gb|AAM65296.1| 	0.00664451827243 	0.0664451827243 	0.961129568106 	-0.0910299003322
gi|91806427|gb|ABE65941.1| 	0.995689655172 	0.00862068965517 	0.381896551724 	-1.62327586207
gi|7269868|emb|CAB79727.1| 	0.0459518599562 	0.107221006565 	0.84398249453 	-0.225382932166
gi|75164335|sp|Q945M9.1|NFYA9_ARATH 	0.937293729373 	0.0561056105611 	0.467656765677 	-1.08184818482
gi|26450067|dbj|BAC42153.1| 	0.80198019802 	0.0792079207921 	0.472772277228 	-1.37574257426
gi|334184145|ref|NP_001189511.1| 	0.172131147541 	0.0770491803279 	0.810491803279 	-0.41893442623
gi|3927839|gb|AAC79596.1| 	0.0 	0.103448275862 	0.96 	0.464827586207
gi|219927362|emb|CAW89281.1| 	0.146186440678 	0.0847457627119 	0.700211864407 	-0.636016949153
gi|317905699|emb|CBJ14089.1| 	0.0442748091603 	0.0809160305344 	0.973893129771 	-0.233740458015
gi|628819095|gb|AHY80528.1| 	0.0 	0.0493827160494 	1.31481481481 	1.0024691358
gi|259704041|emb|CBG16975.1| 	0.00293255131965 	0.0821114369501 	0.834604105572 	-0.161583577713
gi|54606795|dbj|BAD66818.1| 	0.0542635658915 	0.127906976744 	0.80180878553 	-0.477519379845
gi|566553514|emb|CDF66224.1| 	0.0945347119645 	0.112259970458 	0.806056129985 	-0.332644017725
gi|403311052|gb|AFR34030.1| 	0.0259259259259 	0.0907407407407 	0.855555555556 	-0.287407407407
gi|34013890|gb|AAQ56115.1| 	0.350961538462 	0.100961538462 	0.563461538462 	-0.81875
gi|6684410|gb|AAF23564.1|AF112089_1 	0.020253164557 	0.0632911392405 	0.921012658228 	-0.0551898734177
gi|34013888|gb|AAQ56113.1| 	0.513368983957 	0.0374331550802 	0.950267379679 	0.260962566845
gi|403311054|gb|AFR34031.1| 	0.0166666666667 	0.0888888888889 	0.886296296296 	-0.236851851852
gi|387169538|gb|AFJ66198.1| 	0.0784729586426 	0.0604453870626 	0.929162248144 	-0.178472958643
gi|403311056|gb|AFR34032.1| 	0.0259259259259 	0.0907407407407 	0.855555555556 	-0.287407407407
gi|566553518|emb|CDF66225.1| 	0.108955223881 	0.113432835821 	0.797164179104 	-0.35
gi|721649845|ref|XP_010233209.1| 	0.0 	0.0915492957746 	0.906338028169 	-0.155633802817
gi|721644672|ref|XP_010232355.1| 	0.622568093385 	0.0622568093385 	0.523346303502 	-0.751361867704
gi|721681863|ref|XP_010238427.1| 	0.0226628895184 	0.086402266289 	1.00679886686 	-0.0344192634561
gi|357124305|ref|XP_003563841.1| 	0.939784946237 	0.0817204301075 	0.286021505376 	-1.48172043011
gi|357153372|ref|XP_003576431.1| 	0.461538461538 	0.0676923076923 	0.645846153846 	-0.447692307692
gi|721653672|ref|XP_010233946.1| 	0.0173913043478 	0.0434782608696 	0.831304347826 	-0.406086956522
gi|357144754|ref|XP_003573402.1| 	0.0 	0.113695090439 	1.0338501292 	0.519121447028
gi|721670772|ref|XP_010236637.1| 	0.701298701299 	0.0441558441558 	0.682337662338 	-0.413246753247
gi|357121922|ref|XP_003562666.1| 	0.470238095238 	0.0654761904762 	0.622023809524 	-0.904166666667
gi|357143767|ref|XP_003573043.1| 	0.00553250345781 	0.0442600276625 	1.07690179806 	0.206362378976
gi|685261133|ref|XP_009143876.1| 	0.046204620462 	0.115511551155 	0.835313531353 	-0.450495049505
gi|685385966|ref|XP_009124876.1| 	0.0 	0.087786259542 	0.874427480916 	0.122519083969
gi|685327700|ref|XP_009102139.1| 	0.0381679389313 	0.0763358778626 	0.893129770992 	-0.063358778626
gi|685287170|ref|XP_009134517.1| 	0.0733752620545 	0.111111111111 	0.89748427673 	-0.100419287212
gi|685298383|ref|XP_009139981.1| 	0.0 	0.108974358974 	1.16217948718 	0.68108974359
gi|685370694|ref|XP_009119083.1| 	0.741772151899 	0.0632911392405 	0.578227848101 	-0.979240506329
gi|685289733|ref|XP_009135809.1| 	0.66015625 	0.02734375 	0.759375 	-0.3984375
gi|685261282|ref|XP_009144541.1| 	0.0078431372549 	0.0921568627451 	0.865490196078 	-0.0596078431373
gi|685326129|ref|XP_009101487.1| 	0.0568181818182 	0.0852272727273 	0.769886363636 	-0.526704545455
gi|685262097|ref|XP_009148832.1| 	0.425157232704 	0.0893081761006 	0.768427672956 	-0.491572327044
gi|685351102|ref|XP_009111012.1| 	0.0028818443804 	0.0806916426513 	0.863400576369 	-0.189048991354
gi|374095594|gb|AEY85025.1| 	0.0837563451777 	0.0685279187817 	0.815989847716 	-0.340862944162
gi|7107260|gb|AAF36344.1|AF186636_1 	0.0 	0.0941176470588 	1.16352941176 	-0.0364705882353
gi|237512195|gb|ACQ99773.1| 	0.0232558139535 	0.0558139534884 	0.833953488372 	0.0576744186047
gi|510101914|pdb|4G7E|B 	0.0678571428571 	0.0595238095238 	0.920952380952 	-0.04229390681
gi|212901270|gb|ACJ38565.1| 	0.0253699788584 	0.0993657505285 	0.80866807611 	-0.243763213531
gi|224577809|gb|ACN57578.1| 	0.0 	0.0705882352941 	0.994117647059 	0.0535294117647
gi|295828926|gb|ADG38132.1| 	0.0 	0.0932642487047 	0.818134715026 	-0.183419689119
gi|341607985|gb|AEK84095.1| 	0.184834123223 	0.085308056872 	0.75355450237 	-0.234825870647
gi|341606757|gb|AEK83481.1| 	0.03125 	0.0885416666667 	0.944791666667 	-0.0630208333333
gi|224578113|gb|ACN57730.1| 	0.305732484076 	0.031847133758 	0.887898089172 	-0.376433121019
gi|345292297|gb|AEN82640.1| 	0.347826086957 	0.0489130434783 	0.821739130435 	-0.592222222222
gi|402479270|gb|AFQ55877.1| 	0.0 	0.043956043956 	1.33241758242 	0.184065934066
gi|295829993|gb|ADG38665.1| 	0.0059880239521 	0.11377245509 	0.880239520958 	-0.00426829268293
gi|295828174|gb|ADG37756.1| 	0.56 	0.06 	0.6585 	-0.959090909091
gi|565469404|ref|XP_006292505.1| 	0.0565552699229 	0.102827763496 	1.04010282776 	0.274293059126
gi|565460862|ref|XP_006288430.1| 	0.264591439689 	0.101167315175 	0.592607003891 	-0.7
gi|482573485|gb|EOA37672.1| 	0.0196078431373 	0.0901960784314 	1.13137254902 	0.0729411764706
gi|565448001|ref|XP_006284993.1| 	0.0203045685279 	0.0812182741117 	0.9 	-0.33807106599
gi|482569563|gb|EOA33751.1| 	0.242320819113 	0.0392491467577 	0.81228668942 	-0.813651877133
gi|482556748|gb|EOA20940.1| 	0.394957983193 	0.0840336134454 	0.628851540616 	-0.798599439776
gi|565451136|ref|XP_006285942.1| 	0.0368098159509 	0.0613496932515 	0.70490797546 	-0.442331288344
gi|482568519|gb|EOA32708.1| 	0.105769230769 	0.100961538462 	0.737980769231 	-0.329086538462
gi|482557844|gb|EOA22036.1| 	0.0251450676983 	0.123791102515 	0.821083172147 	-0.0663442940039
gi|641803863|gb|AIA77014.1| 	0.0 	0.136363636364 	1.38465909091 	1.04375
gi|675895275|ref|YP_009049749.1| 	0.384615384615 	0.0769230769231 	0.658974358974 	-0.499145299145
gi|688010623|gb|AIQ82750.1| 	0.0266393442623 	0.0737704918033 	0.837704918033 	-0.078893442623
gi|404474572|ref|YP_006666077.1| 	0.0 	0.164864864865 	1.10567567568 	0.547702702703
gi|641803807|gb|AIA76958.1| 	0.0 	0.141649048626 	0.96532769556 	0.268921775899
gi|219742832|emb|CAW40876.1| 	0.0401234567901 	0.0833333333333 	0.833333333333 	-0.189197530864
gi|399153408|dbj|BAM35233.1| 	0.0 	0.176258992806 	0.907913669065 	-0.0392086330935
gi|134252246|gb|ABO64855.1| 	0.016393442623 	0.114754098361 	0.565573770492 	-0.410382513661
gi|305696773|gb|ADM67543.1| 	0.043956043956 	0.0934065934066 	0.807692307692 	-0.495054945055
gi|167391791|ref|YP_001671669.1| 	0.0 	0.0760869565217 	0.938043478261 	-0.36847826087
gi|167391812|ref|YP_001671690.1| 	0.0722891566265 	0.0602409638554 	0.96124497992 	-0.0437751004016
gi|167391868|ref|YP_001671745.1| 	0.321167883212 	0.0474452554745 	0.825912408759 	-0.587226277372
gi|354464677|gb|AER26534.1| 	0.306878306878 	0.0670194003527 	0.77671957672 	-0.68253968254
gi|502118188|ref|XP_004496143.1| 	0.330882352941 	0.0514705882353 	0.738970588235 	-0.522222222222
gi|502161298|ref|XP_004512113.1| 	0.449735449735 	0.037037037037 	0.588888888889 	-0.664021164021
gi|502135658|ref|XP_004502409.1| 	0.155279503106 	0.0633540372671 	0.85801242236 	-0.429068322981
gi|502112441|ref|XP_004494332.1| 	0.101694915254 	0.0423728813559 	0.843220338983 	-0.386440677966
gi|502160390|ref|XP_004511729.1| 	0.0738255033557 	0.0469798657718 	0.834228187919 	-0.0721476510067
gi|567896146|ref|XP_006440561.1| 	0.139107611549 	0.0892388451444 	0.83937007874 	-0.0868766404199
gi|567896404|ref|XP_006440690.1| 	0.0015923566879 	0.103503184713 	0.932802547771 	-0.0899681528662
gi|557546634|gb|ESR57612.1| 	0.0410094637224 	0.0914826498423 	0.892113564669 	-0.218296529968
gi|567885167|ref|XP_006435142.1| 	0.2578125 	0.0625 	0.74765625 	-0.503125
gi|641836130|gb|KDO55099.1| 	0.490974729242 	0.0505415162455 	0.707942238267 	-0.804693140794
gi|641825605|gb|KDO44871.1| 	0.716981132075 	0.0566037735849 	0.599056603774 	-1.00754716981
gi|260401130|gb|ACX37093.1| 	0.234756097561 	0.0640243902439 	0.809756097561 	-0.550609756098
gi|641864750|gb|KDO83436.1| 	0.532595325953 	0.0528905289053 	0.723247232472 	-0.617466174662
gi|568883208|ref|XP_006494377.1| 	0.124792013311 	0.0948419301165 	0.781697171381 	-0.577870216306
gi|568848536|ref|XP_006478064.1| 	0.0 	0.103211009174 	0.923394495413 	-0.103935185185
gi|449507322|ref|XP_004162999.1| 	0.772277227723 	0.0693069306931 	0.540594059406 	-0.908910891089
gi|449460856|ref|XP_004148160.1| 	0.0735930735931 	0.047619047619 	0.819047619048 	-0.183982683983
gi|700198220|gb|KGN53378.1| 	0.0 	0.111111111111 	0.895785440613 	0.00344827586207
gi|449503768|ref|XP_004162167.1| 	0.318181818182 	0.0779220779221 	0.790584415584 	-0.253896103896
gi|702488488|ref|XP_010035115.1| 	0.955555555556 	0.0388888888889 	0.542222222222 	-1.06111111111
gi|629087973|gb|KCW54226.1| 	0.0169371912491 	0.0748059280169 	0.871912491179 	-0.174594213126
gi|702252578|ref|XP_010065417.1| 	0.433333333333 	0.0595238095238 	0.731428571429 	-0.568095238095
gi|629096299|gb|KCW62294.1| 	0.0105263157895 	0.0710526315789 	0.851052631579 	-0.0328947368421
gi|702487414|ref|XP_010034808.1| 	0.395424836601 	0.0751633986928 	0.597058823529 	-0.754901960784
gi|702444564|ref|XP_010024313.1| 	0.0 	0.0898876404494 	0.855617977528 	0.283146067416
gi|557096614|gb|ESQ37122.1| 	0.306010928962 	0.0819672131148 	0.734972677596 	-0.751366120219
gi|557111393|gb|ESQ51677.1| 	0.211267605634 	0.0845070422535 	0.869483568075 	0.134272300469
gi|557101420|gb|ESQ41783.1| 	0.761467889908 	0.045871559633 	0.708256880734 	-0.277981651376
gi|567203764|ref|XP_006408339.1| 	0.0 	0.119047619048 	0.846428571429 	-0.26130952381
gi|567221522|ref|XP_006414390.1| 	0.0546006066734 	0.0808897876643 	0.892416582406 	-0.128715874621
gi|557114919|gb|ESQ55202.1| 	0.433021806854 	0.061266874351 	0.779335410177 	-0.52502596054
gi|557112446|gb|ESQ52730.1| 	0.0 	0.0829268292683 	0.946341463415 	-0.0887804878049
gi|567168601|ref|XP_006398427.1| 	0.0477707006369 	0.0923566878981 	0.918789808917 	-0.152547770701
gi|567177041|ref|XP_006400904.1| 	0.0 	0.0923076923077 	0.950769230769 	-0.162307692308
gi|470124976|ref|XP_004298484.1| 	0.0332480818414 	0.0869565217391 	0.893861892583 	-0.0076726342711
gi|470114359|ref|XP_004293383.1| 	0.010593220339 	0.0783898305085 	0.9 	-0.13156779661
gi|470111814|ref|XP_004292139.1| 	0.0422993492408 	0.103036876356 	0.88568329718 	0.0189804772234
gi|470112769|ref|XP_004292603.1| 	0.0149769585253 	0.110599078341 	0.798732718894 	-0.225806451613
gi|470133409|ref|XP_004302558.1| 	0.0802139037433 	0.114973262032 	1.02780748663 	0.279411764706
gi|470143355|ref|XP_004307344.1| 	0.190406976744 	0.0334302325581 	0.957848837209 	-0.234156976744
gi|356554662|ref|XP_003545663.1| 	0.0293453724605 	0.0925507900677 	1.26930022573 	0.828216704289
gi|359807624|ref|NP_001241164.1| 	0.0356472795497 	0.138836772983 	0.913883677298 	0.309005628518
gi|571466936|ref|XP_006583795.1| 	0.0138408304498 	0.0934256055363 	0.895155709343 	-0.142387543253
gi|571450074|ref|XP_006578328.1| 	0.069587628866 	0.090206185567 	0.897164948454 	-0.250257731959
gi|571561480|ref|XP_006605076.1| 	0.0 	0.126903553299 	0.797461928934 	-0.409137055838
gi|257355086|emb|CBC32635.1| 	0.10775862069 	0.0862068965517 	0.907327586207 	-0.258189655172
gi|351722569|ref|NP_001235457.1| 	0.714285714286 	0.055900621118 	0.582608695652 	-0.837267080745
gi|513044647|gb|AGO14646.1| 	0.149253731343 	0.115671641791 	0.648134328358 	-0.618656716418
gi|571488179|ref|XP_006590862.1| 	0.468417317246 	0.0447125621008 	0.66337828247 	-0.708800567779
gi|571522761|ref|XP_006598397.1| 	0.00636942675159 	0.116772823779 	0.908067940552 	-0.0846808510638
gi|318084693|gb|ADV39165.1| 	0.0 	0.119760479042 	0.85748502994 	-0.12754491018
gi|183584854|gb|ACC63895.1| 	0.00261096605744 	0.104438642298 	0.883289817232 	-0.364229765013
gi|318084640|gb|ADV39112.1| 	0.0157932519742 	0.0911701363963 	0.934601579325 	-0.281765972721
gi|372290952|ref|YP_005087714.1| 	0.121212121212 	0.0606060606061 	0.722727272727 	-0.712121212121
gi|324984041|gb|ADY68803.1| 	0.0625 	0.102678571429 	0.757142857143 	-0.379464285714
gi|188509949|gb|ACD56635.1| 	0.0104947526237 	0.0944527736132 	0.868515742129 	-0.133133433283
gi|318084658|gb|ADV39130.1| 	0.0543259557344 	0.1046277666 	0.770824949698 	-0.476659959759
gi|372290935|ref|YP_005087695.1| 	0.134328358209 	0.0696517412935 	0.9407960199 	-0.70447761194
gi|257293078|emb|CBC08179.1| 	0.0131375579598 	0.0734157650696 	1.01955177743 	-0.206877897991
gi|257639090|emb|CBD22443.1| 	0.013023255814 	0.073488372093 	1.05060465116 	-0.141860465116
gi|219739764|emb|CAW34716.1| 	0.0249584026622 	0.0806988352745 	0.940349417637 	-0.261615320566
gi|253775867|emb|CAZ78554.1| 	0.0072202166065 	0.057761732852 	0.95523465704 	0.142960288809
gi|319999826|gb|ADV92264.1| 	0.0586734693878 	0.145408163265 	0.813010204082 	-0.148979591837
gi|219768629|emb|CAW69070.1| 	0.0126353790614 	0.0740072202166 	1.02111913357 	-0.206684733514
gi|257342401|emb|CBC31183.1| 	0.0454545454545 	0.0984848484848 	0.769191919192 	-0.414393939394
gi|257628655|emb|CBD33653.1| 	0.122287968442 	0.0848126232742 	0.854043392505 	-0.278698224852
gi|257294296|emb|CBC08221.1| 	0.0115118956255 	0.0683039140445 	1.03039140445 	-0.176515732924
gi|257318780|emb|CBC05494.1| 	0.00836120401338 	0.0819397993311 	0.959615384615 	-0.189966555184
gi|219976619|emb|CAW77982.1| 	0.0193199381762 	0.0734157650696 	1.02557959815 	-0.197295208655
gi|66932877|gb|AAY58271.1| 	0.252566735113 	0.0800821355236 	0.706776180698 	-0.436755646817
gi|388497792|gb|AFK36962.1| 	0.0639534883721 	0.0872093023256 	0.817441860465 	-0.245930232558
gi|388490594|gb|AFK33363.1| 	0.208955223881 	0.0373134328358 	0.675373134328 	-0.157462686567
gi|388492048|gb|AFK34090.1| 	0.0729613733906 	0.111587982833 	0.769098712446 	-0.409442060086
gi|657984481|ref|XP_008384336.1| 	0.163561076605 	0.0869565217391 	0.833747412008 	-0.332365145228
gi|658000257|ref|XP_008392577.1| 	0.492610837438 	0.0607553366174 	0.618062397373 	-1.01743421053
gi|658039486|ref|XP_008355318.1| 	0.2375 	0.0291666666667 	1.03541666667 	-0.2075
gi|658309469|ref|NP_001280827.1| 	0.113268608414 	0.0647249190939 	0.977346278317 	-0.285113268608
gi|657970594|ref|XP_008377058.1| 	0.0153846153846 	0.105982905983 	0.882735042735 	0.031452991453
gi|658028334|ref|XP_008349586.1| 	0.093567251462 	0.0896686159844 	0.898830409357 	-0.28828125
gi|658003351|ref|XP_008394187.1| 	0.00199203187251 	0.107569721116 	0.777490039841 	-0.304590818363
gi|657996701|ref|XP_008390718.1| 	0.0 	0.163793103448 	0.712931034483 	-0.306896551724
gi|658048695|ref|XP_008360032.1| 	0.481751824818 	0.0656934306569 	0.662773722628 	-0.467647058824
gi|347949208|gb|AEP31948.1| 	0.0321167883212 	0.0948905109489 	0.900729927007 	-0.256934306569
gi|532525698|gb|AGT97341.1| 	0.261780104712 	0.0471204188482 	0.91780104712 	-0.204188481675
gi|6739527|gb|AAF27289.1|AF140613_1 	0.0350553505535 	0.0867158671587 	0.892435424354 	-0.230442804428
gi|289546597|gb|ADD10143.1| 	0.0109489051095 	0.129562043796 	0.697445255474 	-0.471167883212
gi|157695892|gb|ABV66161.1| 	0.08 	0.058 	0.9634 	-0.0476
gi|388492484|gb|AFK34308.1| 	0.148325358852 	0.11004784689 	0.825837320574 	-0.387559808612
gi|657392738|gb|KEH33645.1| 	0.0 	0.1125 	1.24375 	0.608860759494
gi|92893688|gb|ABE91866.1| 	0.0 	0.128205128205 	0.775641025641 	-0.452564102564
gi|657373381|gb|AET02266.2| 	0.0468085106383 	0.112765957447 	0.875319148936 	-0.359361702128
gi|604305389|gb|EYU24533.1| 	0.159090909091 	0.0984848484848 	0.859848484848 	-0.499621212121
gi|604331557|gb|EYU36415.1| 	0.0205882352941 	0.0911764705882 	1.02 	-0.227941176471
gi|604346032|gb|EYU44529.1| 	0.010752688172 	0.0833333333333 	0.927419354839 	-0.041935483871
gi|604298637|gb|EYU18639.1| 	0.0795107033639 	0.0978593272171 	0.833639143731 	-0.296330275229
gi|695071312|ref|XP_009382723.1| 	0.179310344828 	0.0931034482759 	0.699482758621 	-0.591034482759
gi|695037637|ref|XP_009406316.1| 	0.513529765484 	0.0673481659651 	0.670895971137 	-0.652796151533
gi|695064099|ref|XP_009420583.1| 	0.140957446809 	0.0664893617021 	0.864627659574 	-0.0827127659574
gi|695063079|ref|XP_009420032.1| 	0.35112936345 	0.0862422997947 	0.639630390144 	-0.60636550308
gi|573922098|ref|XP_006648634.1| 	0.670807453416 	0.0310559006211 	0.842857142857 	-0.387267080745
gi|573955925|ref|XP_006660201.1| 	0.668604651163 	0.0697674418605 	0.563372093023 	-0.424418604651
gi|573925754|ref|XP_006650417.1| 	0.0348837209302 	0.0552325581395 	0.987209302326 	0.135755813953
gi|573957766|ref|XP_006661093.1| 	0.0 	0.0670391061453 	0.917877094972 	0.23687150838
gi|573926502|ref|XP_006650781.1| 	0.0 	0.0939226519337 	0.969613259669 	-0.191160220994
gi|573949226|ref|XP_006656913.1| 	0.290721649485 	0.101030927835 	0.635463917526 	-0.740618556701
gi|573925406|ref|XP_006650251.1| 	0.0 	0.1015625 	0.89921875 	-0.103125
gi|77553997|gb|ABA96793.1| 	0.635714285714 	0.0642857142857 	0.591428571429 	-1.01785714286
gi|115448947|ref|NP_001048253.1| 	0.120359955006 	0.0866141732283 	0.780764904387 	-0.327109111361
gi|41393253|gb|AAS01976.1| 	0.241666666667 	0.0166666666667 	0.835 	-0.0641666666667
gi|215693929|dbj|BAG89128.1| 	0.0590909090909 	0.0727272727273 	0.953636363636 	0.0304545454545
gi|125569702|gb|EAZ11217.1| 	0.0529247910864 	0.091922005571 	0.863788300836 	-0.296935933148
gi|113537013|dbj|BAF09396.1| 	0.0626740947075 	0.0571030640669 	0.931337047354 	-0.0927576601671
gi|222618729|gb|EEE54861.1| 	0.0 	0.0804597701149 	0.978927203065 	-0.0268199233716
gi|21672044|gb|AAM74406.1|AC120497_6 	0.0131845841785 	0.104462474645 	0.85121703854 	-0.457099391481
gi|390429958|gb|AFL90882.1| 	0.0 	0.0634328358209 	1.03656716418 	-0.117537313433
gi|390429924|gb|AFL90865.1| 	0.0 	0.0671641791045 	1.00037313433 	-0.210074626866
gi|390430441|gb|AFL91062.1| 	0.0 	0.0912162162162 	1.03344594595 	-0.166554054054
gi|700258415|gb|AIU50814.1| 	0.056768558952 	0.113537117904 	0.82096069869 	-0.321834061135
gi|390430124|gb|AFL90965.1| 	0.0 	0.0671641791045 	1.03992537313 	-0.0865671641791
gi|390430393|gb|AFL91038.1| 	0.0 	0.0878378378378 	1.03344594595 	-0.156418918919
gi|390430006|gb|AFL90906.1| 	0.0 	0.0708955223881 	1.00447761194 	-0.185447761194
gi|393704454|gb|AFN16474.1| 	0.0 	0.170542635659 	0.757364341085 	-0.1
gi|27572967|gb|AAO19883.1|AF342974_1 	0.0301724137931 	0.112068965517 	0.781896551724 	-0.283620689655
gi|393705807|gb|AFN17149.1| 	0.0761904761905 	0.0666666666667 	0.85619047619 	-0.244761904762
gi|561009842|gb|ESW08749.1| 	0.100222717149 	0.075723830735 	0.82583518931 	-0.33429844098
gi|561022775|gb|ESW21505.1| 	0.0149476831091 	0.0956651718984 	0.846487294469 	-0.347234678625
gi|561024547|gb|ESW23232.1| 	0.217532467532 	0.0876623376623 	0.826623376623 	-0.419805194805
gi|561036838|gb|ESW35368.1| 	0.0734463276836 	0.0583804143126 	0.95725047081 	-0.377212806026
gi|672118385|ref|XP_008782400.1| 	0.0922190201729 	0.0979827089337 	0.820749279539 	-0.286455331412
gi|672183754|ref|XP_008812166.1| 	0.0403458213256 	0.167146974063 	1.03112391931 	0.306916426513
gi|672197279|ref|XP_008777023.1| 	0.0402010050251 	0.120603015075 	0.676381909548 	-0.576884422111
gi|672137867|ref|XP_008792670.1| 	0.0593824228029 	0.106888361045 	0.868171021378 	-0.467695961995
gi|672202961|ref|XP_008778519.1| 	0.0434782608696 	0.10597826087 	0.779619565217 	-0.116847826087
gi|672140655|ref|XP_008794138.1| 	0.231441048035 	0.0698689956332 	0.745414847162 	-0.849344978166
gi|162685177|gb|EDQ71574.1| 	0.0386597938144 	0.100515463918 	0.792010309278 	-0.25412371134
gi|168049763|ref|XP_001777331.1| 	0.155195681511 	0.0715249662618 	0.912685560054 	-0.17705802969
gi|162686439|gb|EDQ72828.1| 	0.0 	0.0938215102975 	1.02425629291 	0.114874141876
gi|168024408|ref|XP_001764728.1| 	0.011320754717 	0.166037735849 	0.989811320755 	0.225283018868
gi|108860041|emb|CAK26757.1| 	0.0 	0.0989010989011 	0.772527472527 	-0.1
gi|659676424|gb|AID67239.1| 	0.132911392405 	0.0822784810127 	0.795569620253 	-0.140506329114
gi|82908030|gb|ABB93204.1| 	0.470588235294 	0.063025210084 	0.632352941176 	-0.475210084034
gi|19880629|gb|AAM00428.1|AF417107_1 	0.00877192982456 	0.0789473684211 	0.897368421053 	0.0438596491228
gi|659676460|gb|AID67257.1| 	0.132911392405 	0.0822784810127 	0.795569620253 	-0.140506329114
gi|313494992|gb|ADR57633.1| 	0.00896860986547 	0.125560538117 	0.909417040359 	-0.378475336323
gi|312204073|gb|ADQ47391.1| 	0.396226415094 	0.0849056603774 	0.717924528302 	-0.406603773585
gi|108859555|emb|CAK29666.1| 	0.102974828375 	0.0640732265446 	0.919450800915 	-0.230892448513
gi|108936437|emb|CAK29875.1| 	0.159090909091 	0.0757575757576 	0.768939393939 	-0.539393939394
gi|82907908|gb|ABB93143.1| 	0.135714285714 	0.1 	0.62 	-1.04214285714
gi|82908482|gb|ABB93430.1| 	0.037037037037 	0.118518518519 	0.57037037037 	-1.05555555556
gi|82908552|gb|ABB93465.1| 	0.35 	0.05 	0.675384615385 	-0.363076923077
gi|108936726|emb|CAK29996.1| 	0.0 	0.0769230769231 	1.00714285714 	0.0714285714286
gi|502524863|emb|CCW23113.1| 	0.0940170940171 	0.0641025641026 	0.859829059829 	-0.423504273504
gi|383159535|gb|AFG62228.1| 	0.0 	0.177570093458 	0.465420560748 	-0.808411214953
gi|383132202|gb|AFG46955.1| 	0.0588235294118 	0.0705882352941 	0.814117647059 	-0.494117647059
gi|383147570|gb|AFG55558.1| 	0.0704225352113 	0.105633802817 	0.576056338028 	-0.878169014085
gi|383153338|gb|AFG58793.1| 	0.107142857143 	0.160714285714 	0.730357142857 	-0.739285714286
gi|383137930|gb|AFG50102.1| 	0.0441176470588 	0.0294117647059 	1.00588235294 	0.194852941176
gi|383144049|gb|AFG53520.1| 	0.00625 	0.05 	0.95125 	0.16625
gi|383155640|gb|AFG59993.1| 	0.576642335766 	0.036496350365 	0.810948905109 	-0.640875912409
gi|383159812|gb|AFG62376.1| 	0.0062893081761 	0.0251572327044 	0.994339622642 	-0.0641509433962
gi|383172398|gb|AFG69566.1| 	0.584269662921 	0.0561797752809 	0.713483146067 	-0.422471910112
gi|367060343|gb|AEX11070.1| 	0.00675675675676 	0.0878378378378 	0.783108108108 	-0.133783783784
gi|383152075|gb|AFG58099.1| 	0.542168674699 	0.0240963855422 	0.832530120482 	-0.318072289157
gi|383176146|gb|AFG71569.1| 	0.407079646018 	0.0530973451327 	0.743362831858 	-0.800884955752
gi|54634311|gb|AAV36222.1| 	0.0306748466258 	0.110429447853 	0.895705521472 	-0.221472392638
gi|383146531|gb|AFG54970.1| 	0.0 	0.0872483221477 	0.824161073826 	0.0523489932886
gi|383159271|gb|AFG62062.1| 	0.0 	0.0791366906475 	0.861151079137 	-0.161870503597
gi|383148525|gb|AFG56077.1| 	0.0 	0.0373134328358 	1.07686567164 	-0.0164179104478
gi|58201400|gb|AAW66821.1| 	0.0 	0.103626943005 	0.824870466321 	-0.387564766839
gi|566158073|ref|XP_002301282.2| 	0.0447093889717 	0.0760059612519 	0.978390461997 	-0.0292101341282
gi|550336182|gb|ERP59276.1| 	0.0 	0.096256684492 	0.844385026738 	-0.239572192513
gi|118484019|gb|ABK93896.1| 	0.991869918699 	0.0243902439024 	0.546341463415 	-1.39593495935
gi|118486221|gb|ABK94952.1| 	0.0 	0.0731707317073 	0.967073170732 	0.0481707317073
gi|550323268|gb|ERP52752.1| 	0.0 	0.104166666667 	0.771875 	-0.560416666667
gi|566215889|ref|XP_006372239.1| 	0.0 	0.261904761905 	0.440476190476 	-0.280952380952
gi|550349351|gb|ERP66741.1| 	0.0 	0.0984126984127 	1.03714285714 	0.0377777777778
gi|462413674|gb|EMJ18723.1| 	0.111111111111 	0.0925925925926 	0.587037037037 	-0.748148148148
gi|462423781|gb|EMJ28044.1| 	0.273224043716 	0.0819672131148 	0.656284153005 	-0.483606557377
gi|596110622|ref|XP_007221511.1| 	0.245614035088 	0.0877192982456 	0.821637426901 	-0.23918128655
gi|462417060|gb|EMJ21797.1| 	0.187864644107 	0.101516919487 	0.721353558926 	-0.46487747958
gi|462421852|gb|EMJ26115.1| 	0.122969837587 	0.0997679814385 	0.694663573086 	-0.453596287703
gi|462417063|gb|EMJ21800.1| 	0.215801886792 	0.0719339622642 	0.694103773585 	-0.710613207547
gi|223528138|gb|EEF30207.1| 	0.00210084033613 	0.0945378151261 	0.968697478992 	-0.0443277310924
gi|223521785|gb|EEF26548.1| 	0.477941176471 	0.0514705882353 	0.641176470588 	-0.657352941176
gi|255566789|ref|XP_002524378.1| 	1.0 	0.016393442623 	0.372131147541 	-1.1131147541
gi|255583800|ref|XP_002532652.1| 	0.0533980582524 	0.131067961165 	0.758252427184 	-0.243689320388
gi|223528013|gb|EEF30094.1| 	0.0 	0.0764705882353 	0.934705882353 	-0.125882352941
gi|379037725|gb|AFC82152.1| 	0.0 	0.171428571429 	0.970714285714 	0.0210714285714
gi|324036075|gb|ADY17639.1| 	0.0 	0.131313131313 	0.990909090909 	0.308585858586
gi|379031171|gb|AFC78878.1| 	0.0444444444444 	0.116666666667 	0.791111111111 	-0.292777777778
gi|289541112|gb|ADD09698.1| 	0.051724137931 	0.120689655172 	0.801724137931 	-0.297126436782
gi|379039379|gb|AFC82979.1| 	0.0 	0.170212765957 	0.987943262411 	0.0464539007092
gi|324036087|gb|ADY17645.1| 	0.0 	0.124378109453 	1.00099502488 	0.202487562189
gi|379033365|gb|AFC79974.1| 	0.0444444444444 	0.116666666667 	0.791111111111 	-0.292777777778
gi|289541110|gb|ADD09697.1| 	0.051724137931 	0.120689655172 	0.801724137931 	-0.297126436782
gi|324036075|gb|ADY17639.1| 	0.0 	0.131313131313 	0.990909090909 	0.308585858586
gi|324036087|gb|ADY17645.1| 	0.0 	0.124378109453 	1.00099502488 	0.202487562189
gi|514805578|ref|XP_004977647.1| 	0.212121212121 	0.0779220779221 	0.755411255411 	-0.600865800866
gi|514788391|ref|XP_004971556.1| 	0.0205655526992 	0.0745501285347 	1.04498714653 	-0.16118251928
gi|514733804|ref|XP_004957762.1| 	0.192118226601 	0.105911330049 	0.704679802956 	-0.52881773399
gi|514774645|ref|XP_004968031.1| 	0.0301418439716 	0.0904255319149 	0.805673758865 	-0.260283687943
gi|514782791|ref|XP_004970182.1| 	0.339219330855 	0.064126394052 	0.739312267658 	-0.52843866171
gi|514804400|ref|XP_004977073.1| 	0.172794117647 	0.0919117647059 	0.696691176471 	-0.287867647059
gi|514760606|ref|XP_004964582.1| 	0.103448275862 	0.066091954023 	0.875 	-0.101724137931
gi|723699309|ref|XP_010321002.1| 	0.0 	0.148148148148 	0.850264550265 	-0.0439153439153
gi|21311584|gb|AAM46792.1| 	0.0 	0.118881118881 	0.824475524476 	-0.353846153846
gi|460391423|ref|XP_004241320.1| 	0.37125748503 	0.0678642714571 	0.754690618762 	-0.548902195609
gi|3342211|gb|AAC50047.1| 	0.42735042735 	0.0769230769231 	0.650854700855 	-0.621367521368
gi|723740290|ref|XP_010312443.1| 	0.0051993067591 	0.116117850953 	0.960485268631 	0.313518197574
gi|568815700|ref|NP_001275605.1| 	0.00584795321637 	0.0877192982456 	0.655555555556 	-0.100584795322
gi|565370695|ref|XP_006351954.1| 	0.144981412639 	0.0743494423792 	0.934944237918 	-0.176579925651
gi|568214722|ref|NP_001274970.1| 	0.155405405405 	0.108108108108 	0.645945945946 	-0.659459459459
gi|565382674|ref|XP_006357658.1| 	0.0 	0.0880195599022 	0.766992665037 	-0.310513447433
gi|565373108|ref|XP_006353121.1| 	0.0743243243243 	0.0709459459459 	0.958783783784 	-0.173648648649
gi|242044352|ref|XP_002460047.1| 	0.187380497132 	0.0688336520076 	0.736711281071 	-0.441108986616
gi|242062080|ref|XP_002452329.1| 	0.0129533678756 	0.113989637306 	0.890932642487 	-0.000259067357513
gi|242037649|ref|XP_002466219.1| 	0.127753303965 	0.0396475770925 	0.86563876652 	0.0127753303965
gi|242074260|ref|XP_002447066.1| 	0.0816326530612 	0.0408163265306 	1.04761904762 	0.121768707483
gi|241921696|gb|EER94840.1| 	0.0650406504065 	0.0691056910569 	0.864634146341 	-0.365447154472
gi|385252621|gb|AFI54929.1| 	0.00379506641366 	0.136622390892 	1.0045540797 	0.573814041746
gi|590574415|ref|XP_007012395.1| 	0.266244057052 	0.0871632329635 	0.967828843106 	-0.0377179080824
gi|590638862|ref|XP_007029510.1| 	0.199823943662 	0.0774647887324 	0.807218309859 	-0.293045774648
gi|590619451|ref|XP_007024301.1| 	0.3125 	0.01875 	1.0225 	-0.3175
gi|508787077|gb|EOY34333.1| 	0.176706827309 	0.0642570281124 	0.853815261044 	-0.426506024096
gi|508713376|gb|EOY05273.1| 	0.026113671275 	0.0783410138249 	0.962519201229 	-0.0155145929339
gi|359487832|ref|XP_002275688.2| 	0.046783625731 	0.0555555555556 	1.01871345029 	0.0780701754386
gi|296088999|emb|CBI38702.3| 	0.0207547169811 	0.0924528301887 	0.797735849057 	-0.28679245283
gi|226510373|ref|NP_001143019.1| 	0.660759493671 	0.0607594936709 	0.657215189873 	-0.652911392405
gi|219887177|gb|ACL53963.1| 	0.0515021459227 	0.0858369098712 	0.921030042918 	-0.262660944206
gi|224034565|gb|ACN36358.1| 	0.751677852349 	0.0469798657718 	0.528859060403 	-0.457382550336
gi|414590534|tpg|DAA41105.1| 	0.565217391304 	0.0485933503836 	0.694117647059 	-0.508439897698
gi|195620886|gb|ACG32273.1| 	0.702702702703 	0.0540540540541 	0.583783783784 	-0.62972972973
gi|226503853|ref|NP_001141190.1| 	0.0 	0.10396039604 	0.965346534653 	0.163861386139
gi|194700968|gb|ACF84568.1| 	0.0869565217391 	0.0775047258979 	0.851984877127 	-0.0374291115312
gi|308154392|gb|ADO15264.1| 	0.0769230769231 	0.0833333333333 	0.880128205128 	-0.174358974359
gi|459929143|gb|AGG85489.1| 	0.0 	0.185328185328 	0.925482625483 	-0.023166023166
